"","","","00","","ADD","Eb","","Gb","","Add"
"","","","01","","ADD","Evqp","","Gvqp","","Add"
"","","","02","","ADD","Gb","","Eb","","Add"
"","","","03","","ADD","Gvqp","","Evqp","","Add"
"","","","04","","ADD","AL","","Ib","","Add"
"","","","05","","ADD","rAX","","Ivds","","Add"
"","","","06","","PUSH","","","ES","","Push Word, Doubleword or Quadword Onto the Stack"
"","","","07","","POP","ES","","","","Pop a Value from the Stack"
"","","","08","","OR","Eb","","Gb","","Logical Inclusive OR"
"","","","09","","OR","Evqp","","Gvqp","","Logical Inclusive OR"
"","","","0A","","OR","Gb","","Eb","","Logical Inclusive OR"
"","","","0B","","OR","Gvqp","","Evqp","","Logical Inclusive OR"
"","","","0C","","OR","AL","","Ib","","Logical Inclusive OR"
"","","","0D","","OR","rAX","","Ivds","","Logical Inclusive OR"
"","","","0E","","PUSH","","","CS","","Push Word, Doubleword or Quadword Onto the Stack"
"","","","0F","","POP","CS","","","","Pop a Value from the Stack"
"","","","10","","ADC","Eb","","Gb","","Add with Carry"
"","","","11","","ADC","Evqp","","Gvqp","","Add with Carry"
"","","","12","","ADC","Gb","","Eb","","Add with Carry"
"","","","13","","ADC","Gvqp","","Evqp","","Add with Carry"
"","","","14","","ADC","AL","","Ib","","Add with Carry"
"","","","15","","ADC","rAX","","Ivds","","Add with Carry"
"","","","16","","PUSH","","","SS","","Push Word, Doubleword or Quadword Onto the Stack"
"","","","17","","POP","SS","","","","Pop a Value from the Stack"
"","","","18","","SBB","Eb","","Gb","","Integer Subtraction with Borrow"
"","","","19","","SBB","Evqp","","Gvqp","","Integer Subtraction with Borrow"
"","","","1A","","SBB","Gb","","Eb","","Integer Subtraction with Borrow"
"","","","1B","","SBB","Gvqp","","Evqp","","Integer Subtraction with Borrow"
"","","","1C","","SBB","AL","","Ib","","Integer Subtraction with Borrow"
"","","","1D","","SBB","rAX","","Ivds","","Integer Subtraction with Borrow"
"","","","1E","","PUSH","","","DS","","Push Word, Doubleword or Quadword Onto the Stack"
"","","","1F","","POP","DS","","","","Pop a Value from the Stack"
"","","","20","","AND","Eb","","Gb","","Logical AND"
"","","","21","","AND","Evqp","","Gvqp","","Logical AND"
"","","","22","","AND","Gb","","Eb","","Logical AND"
"","","","23","","AND","Gvqp","","Evqp","","Logical AND"
"","","","24","","AND","AL","","Ib","","Logical AND"
"","","","25","","AND","rAX","","Ivds","","Logical AND"
"","","","27","","DAA","","","","","Decimal Adjust AL after Addition"
"","","","28","","SUB","Eb","","Gb","","Subtract"
"","","","29","","SUB","Evqp","","Gvqp","","Subtract"
"","","","2A","","SUB","Gb","","Eb","","Subtract"
"","","","2B","","SUB","Gvqp","","Evqp","","Subtract"
"","","","2C","","SUB","AL","","Ib","","Subtract"
"","","","2D","","SUB","rAX","","Ivds","","Subtract"
"","","","2F","","DAS","","","","","Decimal Adjust AL after Subtraction"
"","","","30","","XOR","Eb","","Gb","","Logical Exclusive OR"
"","","","31","","XOR","Evqp","","Gvqp","","Logical Exclusive OR"
"","","","32","","XOR","Gb","","Eb","","Logical Exclusive OR"
"","","","33","","XOR","Gvqp","","Evqp","","Logical Exclusive OR"
"","","","34","","XOR","AL","","Ib","","Logical Exclusive OR"
"","","","35","","XOR","rAX","","Ivds","","Logical Exclusive OR"
"","","","37","","AAA","","","","","ASCII Adjust After Addition"
"","","","38","","CMP","","","Eb","Gb","Compare Two Operands"
"","","","39","","CMP","","","Evqp","Gvqp","Compare Two Operands"
"","","","3A","","CMP","","","Gb","Eb","Compare Two Operands"
"","","","3B","","CMP","","","Gvqp","Evqp","Compare Two Operands"
"","","","3C","","CMP","","","AL","Ib","Compare Two Operands"
"","","","3D","","CMP","","","rAX","Ivds","Compare Two Operands"
"","","","3F","","AAS","","","","","ASCII Adjust AL After Subtraction"
"","","","40","","INC","Zv","","","","Increment by 1"
"","","","48","","DEC","Zv","","","","Decrement by 1"
"","","","50","","PUSH","","","Zv","","Push Word, Doubleword or Quadword Onto the Stack"
"","","","58","","POP","Zv","","","","Pop a Value from the Stack"
"","","","60","","PUSHA","","","","","Push All General-Purpose Registers"
"","","","60","","PUSHAD","","","","","Push All General-Purpose Registers"
"","","","61","","POPA","","","","","Pop All General-Purpose Registers"
"","","","61","","POPAD","","","","","Pop All General-Purpose Registers"
"","","","62","","BOUND","","","Gv","Ma","Check Array Index Against Bounds"
"","","","63","","ARPL","","","Ew","Gw","Adjust RPL Field of Segment Selector"
"","","","68","","PUSH","","","Ivs","","Push Word, Doubleword or Quadword Onto the Stack"
"","","","69","","IMUL","Gvqp","","Evqp","Ivds","Signed Multiply"
"","","","6A","","PUSH","","","Ibss","","Push Word, Doubleword or Quadword Onto the Stack"
"","","","6B","","IMUL","Gvqp","","Evqp","Ibs","Signed Multiply"
"","","","6C","","INS","(ES:)[rDI]","","DX","","Input from Port to String"
"","","","6D","","INS","ES:[DI]","","DX","","Input from Port to String"
"","","","6D","","INS","(ES:)[rDI]","","DX","","Input from Port to String"
"","","","6E","","OUTS","DX","","(DS):[rSI]","","Output String to Port"
"","","","6F","","OUTS","DX","","DS:[SI]","","Output String to Port"
"","","","6F","","OUTS","DX","","(DS:)[rSI]","","Output String to Port"
"","","","70","","JO","","","Jbs","","Jump short if overflow (OF=1)"
"","","","71","","JNO","","","Jbs","","Jump short if not overflow (OF=0)"
"","","","72","","JB","","","Jbs","","Jump short if below/not above or equal/carry (CF=1)"
"","","","73","","JNB","","","Jbs","","Jump short if not below/above or equal/not carry (CF=0)"
"","","","74","","JZ","","","Jbs","","Jump short if zero/equal (ZF=0)"
"","","","75","","JNZ","","","Jbs","","Jump short if not zero/not equal (ZF=1)"
"","","","76","","JBE","","","Jbs","","Jump short if below or equal/not above (CF=1 AND ZF=1)"
"","","","77","","JNBE","","","Jbs","","Jump short if not below or equal/above (CF=0 AND ZF=0)"
"","","","78","","JS","","","Jbs","","Jump short if sign (SF=1)"
"","","","79","","JNS","","","Jbs","","Jump short if not sign (SF=0)"
"","","","7A","","JP","","","Jbs","","Jump short if parity/parity even (PF=1)"
"","","","7B","","JNP","","","Jbs","","Jump short if not parity/parity odd"
"","","","7C","","JL","","","Jbs","","Jump short if less/not greater (SF!=OF)"
"","","","7D","","JNL","","","Jbs","","Jump short if not less/greater or equal (SF=OF)"
"","","","7E","","JLE","","","Jbs","","Jump short if less or equal/not greater ((ZF=1) OR (SF!=OF))"
"","","","7F","","JNLE","","","Jbs","","Jump short if not less nor equal/greater ((ZF=0) AND (SF=OF))"
"","","","80","","ADD","Eb","","Ib","","Add"
"","","","80","","OR","Eb","","Ib","","Logical Inclusive OR"
"","","","80","","ADC","Eb","","Ib","","Add with Carry"
"","","","80","","SBB","Eb","","Ib","","Integer Subtraction with Borrow"
"","","","80","","AND","Eb","","Ib","","Logical AND"
"","","","80","","SUB","Eb","","Ib","","Subtract"
"","","","80","","XOR","Eb","","Ib","","Logical Exclusive OR"
"","","","80","","CMP","","","Eb","Ib","Compare Two Operands"
"","","","81","","ADD","Evqp","","Ivds","","Add"
"","","","81","","OR","Evqp","","Ivds","","Logical Inclusive OR"
"","","","81","","ADC","Evqp","","Ivds","","Add with Carry"
"","","","81","","SBB","Evqp","","Ivds","","Integer Subtraction with Borrow"
"","","","81","","AND","Evqp","","Ivds","","Logical AND"
"","","","81","","SUB","Evqp","","Ivds","","Subtract"
"","","","81","","XOR","Evqp","","Ivds","","Logical Exclusive OR"
"","","","81","","CMP","","","Evqp","Ivds","Compare Two Operands"
"","","","82","","ADD","Eb","","Ib","","Add"
"","","","82","","OR","Eb","","Ib","","Logical Inclusive OR"
"","","","82","","ADC","Eb","","Ib","","Add with Carry"
"","","","82","","SBB","Eb","","Ib","","Integer Subtraction with Borrow"
"","","","82","","AND","Eb","","Ib","","Logical AND"
"","","","82","","SUB","Eb","","Ib","","Subtract"
"","","","82","","XOR","Eb","","Ib","","Logical Exclusive OR"
"","","","82","","CMP","","","Eb","Ib","Compare Two Operands"
"","","","83","","ADD","Evqp","","Ibs","","Add"
"","","","83","","OR","Evqp","","Ibs","","Logical Inclusive OR"
"","","","83","","ADC","Evqp","","Ibs","","Add with Carry"
"","","","83","","SBB","Evqp","","Ibs","","Integer Subtraction with Borrow"
"","","","83","","AND","Evqp","","Ibs","","Logical AND"
"","","","83","","SUB","Evqp","","Ibs","","Subtract"
"","","","83","","XOR","Evqp","","Ibs","","Logical Exclusive OR"
"","","","83","","CMP","","","Evqp","Ibs","Compare Two Operands"
"","","","84","","TEST","","","Eb","Gb","Logical Compare"
"","","","85","","TEST","","","Evqp","Gvqp","Logical Compare"
"","","","86","","XCHG","Gb","Eb","","","Exchange Register/Memory with Register"
"","","","87","","XCHG","Gvqp","Evqp","","","Exchange Register/Memory with Register"
"","","","88","","MOV","Eb","","Gb","","Move"
"","","","89","","MOV","Evqp","","Gvqp","","Move"
"","","","8A","","MOV","Gb","","Eb","","Move"
"","","","8B","","MOV","Gvqp","","Evqp","","Move"
"","","","8C","","MOV","Mw","","Sw","","Move"
"","","","8D","","LEA","Gvqp","","","","Load Effective Address"
"","","","8E","","MOV","Sw","","Ew","","Move"
"","","","8F","","POP","Ev","","","","Pop a Value from the Stack"
"","","","90","","XCHG","Zvqp","rAX","","","Exchange Register/Memory with Register"
"","","","90","","NOP","","","","","No Operation"
"","F3","","90","","NOP","","","","","No Operation"
"","F3","","90","","PAUSE","","","","","Spin Loop Hint"
"","","","98","","CBW","","","","","Convert Byte to Word"
"","","","98","","CWDE","","","","","Convert Word to Doubleword"
"","","","99","","CWD","","","","","Convert Word to Doubleword"
"","","","99","","CDQ","","","","","Convert Doubleword to Quadword"
"","","","9A","","CALLF","","","Ap","","Call Procedure"
"","","","9B","","FWAIT","","","","","Check pending unmasked floating-point exceptions"
"","","","9C","","PUSHF","","","","","Push FLAGS Register onto the Stack"
"","","","9C","","PUSHFD","","","","","Push eFLAGS Register onto the Stack"
"","","","9D","","POPF","","","","","Pop Stack into FLAGS Register"
"","","","9D","","POPFD","","","","","Pop Stack into eFLAGS Register"
"","","","9E","","SAHF","","","","","Store AH into Flags"
"","","","9F","","LAHF","","","","","Load Status Flags into AH Register"
"","","","A0","","MOV","AL","","Ob","","Move"
"","","","A1","","MOV","rAX","","Ovqp","","Move"
"","","","A2","","MOV","Ob","","AL","","Move"
"","","","A3","","MOV","Ovqp","","rAX","","Move"
"","","","A4","","MOVS","(ES:)[rDI]","","(DS:)[rSI]","","Move Data from String to String"
"","","","A5","","MOVS","ES:[DI]","","DS:[SI]","","Move Data from String to String"
"","","","A5","","MOVS","(ES:)[rDI]","","(DS:)[rSI]","","Move Data from String to String"
"","","","A6","","CMPS","","","(ES:)[rDI]","(DS:)[rSI]","Compare String Operands"
"","","","A7","","CMPS","","","ES:[DI]","DS:[SI]","Compare String Operands"
"","","","A7","","CMPS","","","(ES:)[rDI]","(DS:)[rSI]","Compare String Operands"
"","","","A8","","TEST","","","AL","Ib","Logical Compare"
"","","","A9","","TEST","","","rAX","Ivds","Logical Compare"
"","","","AA","","STOS","(ES:)[rDI]","","","","Store String"
"","","","AB","","STOS","ES:[DI]","","","","Store String"
"","","","AB","","STOS","(ES:)[rDI]","","","","Store String"
"","","","AC","","LODS","","","(DS:)[rSI]","","Load String"
"","","","AD","","LODS","","","DS:[SI]","","Load String"
"","","","AD","","LODS","","","(DS:)[rSI]","","Load String"
"","","","AE","","SCAS","","","(ES:)[rDI]","","Scan String"
"","","","AF","","SCAS","","","ES:[DI]","","Scan String"
"","","","AF","","SCAS","","","(ES:)[rDI]","","Scan String"
"","","","B0","","MOV","Zb","","Ib","","Move"
"","","","B8","","MOV","Zvqp","","Ivqp","","Move"
"","","","C0","","ROL","Eb","","Ib","","Rotate"
"","","","C0","","ROR","Eb","","Ib","","Rotate"
"","","","C0","","RCL","Eb","","Ib","","Rotate"
"","","","C0","","RCR","Eb","","Ib","","Rotate"
"","","","C0","","SHL","Eb","","Ib","","Shift"
"","","","C0","","SHR","Eb","","Ib","","Shift"
"","","","C0","","SAL","Eb","","Ib","","Shift"
"","","","C0","","SAR","Eb","","Ib","","Shift"
"","","","C1","","ROL","Evqp","","Ib","","Rotate"
"","","","C1","","ROR","Evqp","","Ib","","Rotate"
"","","","C1","","RCL","Evqp","","Ib","","Rotate"
"","","","C1","","RCR","Evqp","","Ib","","Rotate"
"","","","C1","","SHL","Evqp","","Ib","","Shift"
"","","","C1","","SHR","Evqp","","Ib","","Shift"
"","","","C1","","SAL","Evqp","","Ib","","Shift"
"","","","C1","","SAR","Evqp","","Ib","","Shift"
"","","","C2","","RETN","","","","Iw","Return from procedure"
"","","","C3","","RETN","","","","","Return from procedure"
"","","","C4","","LES","","Gv","Mp","","Load Far Pointer"
"","","","C5","","LDS","","Gv","Mp","","Load Far Pointer"
"","","","C6","","MOV","Eb","","Ib","","Move"
"","","","C7","","MOV","Evqp","","Ivds","","Move"
"","","","C8","","ENTER","","","Iw","Ib","Make Stack Frame for Procedure Parameters"
"","","","C9","","LEAVE","","","","","High Level Procedure Exit"
"","","","CA","","RETF","","","Iw","","Return from procedure"
"","","","CB","","RETF","","","","","Return from procedure"
"","","","CC","","INT","","","3","","Call to Interrupt Procedure"
"","","","CD","","INT","","","Ib","","Call to Interrupt Procedure"
"","","","CE","","INTO","","","","","Call to Interrupt Procedure"
"","","","CF","","IRET","","","","","Interrupt Return"
"","","","CF","","IRETD","","","","","Interrupt Return"
"","","","D0","","ROL","Eb","","1","","Rotate"
"","","","D0","","ROR","Eb","","1","","Rotate"
"","","","D0","","RCL","Eb","","1","","Rotate"
"","","","D0","","RCR","Eb","","1","","Rotate"
"","","","D0","","SHL","Eb","","1","","Shift"
"","","","D0","","SHR","Eb","","1","","Shift"
"","","","D0","","SAL","Eb","","1","","Shift"
"","","","D0","","SAR","Eb","","1","","Shift"
"","","","D1","","ROL","Evqp","","1","","Rotate"
"","","","D1","","ROR","Evqp","","1","","Rotate"
"","","","D1","","RCL","Evqp","","1","","Rotate"
"","","","D1","","RCR","Evqp","","1","","Rotate"
"","","","D1","","SHL","Evqp","","1","","Shift"
"","","","D1","","SHR","Evqp","","1","","Shift"
"","","","D1","","SAL","Evqp","","1","","Shift"
"","","","D1","","SAR","Evqp","","1","","Shift"
"","","","D2","","ROL","Eb","","CL","","Rotate"
"","","","D2","","ROR","Eb","","CL","","Rotate"
"","","","D2","","RCL","Eb","","CL","","Rotate"
"","","","D2","","RCR","Eb","","CL","","Rotate"
"","","","D2","","SHL","Eb","","CL","","Shift"
"","","","D2","","SHR","Eb","","CL","","Shift"
"","","","D2","","SAL","Eb","","CL","","Shift"
"","","","D2","","SAR","Eb","","CL","","Shift"
"","","","D3","","ROL","Evqp","","CL","","Rotate"
"","","","D3","","ROR","Evqp","","CL","","Rotate"
"","","","D3","","RCL","Evqp","","CL","","Rotate"
"","","","D3","","RCR","Evqp","","CL","","Rotate"
"","","","D3","","SHL","Evqp","","CL","","Shift"
"","","","D3","","SHR","Evqp","","CL","","Shift"
"","","","D3","","SAL","Evqp","","CL","","Shift"
"","","","D3","","SAR","Evqp","","CL","","Shift"
"","","","D4","0A","AAM","","","","","ASCII Adjust AX After Multiply"
"","","","D4","","AMX","","","Ib","","Adjust AX After Multiply"
"","","","D5","0A","AAD","","","","","ASCII Adjust AX Before Division"
"","","","D5","","ADX","","","Ib","","Adjust AX Before Division"
"","","","D6","","SALC","","","","","Set AL If Carry"
"","","","D7","","XLAT","","","(DS:)[rBX+AL]","","Table Look-up Translation"
"","","","D8","","FADD","","","Msr","","Add"
"","","","D8","","FMUL","","","Msr","","Multiply"
"","","","D8","","FCOM","","","","ESsr","Compare Real"
"","","","D8","D1","FCOM","","","","","Compare Real"
"","","","D8","","FCOMP","","","","ESsr","Compare Real and Pop"
"","","","D8","D9","FCOMP","","","","","Compare Real and Pop"
"","","","D8","","FSUB","","","Msr","","Subtract"
"","","","D8","","FSUBR","","","Msr","","Reverse Subtract"
"","","","D8","","FDIV","","","Msr","","Divide"
"","","","D8","","FDIVR","","","Msr","","Reverse Divide"
"","","","D9","","FLD","","","ESsr","","Load Floating Point Value"
"","","","D9","","FXCH","","","","","Exchange Register Contents"
"","","","D9","C9","FXCH","","","","","Exchange Register Contents"
"","","","D9","","FST","Msr","","","","Store Floating Point Value"
"","","","D9","D0","FNOP","","","","","No Operation"
"","","","D9","","FSTP","Msr","","","","Store Floating Point Value and Pop"
"","","","D9","","FSTP1","","","","","Store Floating Point Value and Pop"
"","","","D9","","FSTP1","","","","","Store Floating Point Value and Pop"
"","","","D9","","FLDENV","","","Me","","Load x87 FPU Environment"
"","","","D9","E0","FCHS","","","","","Change Sign"
"","","","D9","E1","FABS","","","","","Absolute Value"
"","","","D9","E4","FTST","","","","","Test"
"","","","D9","E5","FXAM","","","","","Examine"
"","","","D9","","FLDCW","","","Mw","","Load x87 FPU Control Word"
"","","","D9","E8","FLD1","","","","","Load Constant +1.0"
"","","","D9","E9","FLDL2T","","","","","Load Constant log"
"","","","D9","EA","FLDL2E","","","","","Load Constant log"
"","","","D9","EB","FLDPI","","","","","Load Constant π"
"","","","D9","EC","FLDLG2","","","","","Load Constant log"
"","","","D9","ED","FLDLN2","","","","","Load Constant log"
"","","","D9","EE","FLDZ","","","","","Load Constant +0.0"
"","","","D9","","FNSTENV","Me","","","","Store x87 FPU Environment"
"","9B","","D9","","FSTENV","Me","","","","Store x87 FPU Environment"
"","","","D9","F0","F2XM1","","","","","Compute 2"
"","","","D9","F1","FYL2X","","","","","Compute y × log"
"","","","D9","F2","FPTAN","","","","","Partial Tangent"
"","","","D9","F3","FPATAN","","","","","Partial Arctangent and Pop"
"","","","D9","F4","FXTRACT","","","","","Extract Exponent and Significand"
"","","","D9","F5","FPREM1","","","","","IEEE Partial Remainder"
"","","","D9","F6","FDECSTP","","","","","Decrement Stack-Top Pointer"
"","","","D9","F7","FINCSTP","","","","","Increment Stack-Top Pointer"
"","","","D9","","FNSTCW","Mw","","","","Store x87 FPU Control Word"
"","9B","","D9","","FSTCW","Mw","","","","Store x87 FPU Control Word"
"","","","D9","F8","FPREM","","","","","Partial Remainder (for compatibility with i8087 and i287)"
"","","","D9","F9","FYL2XP1","","","","","Compute y × log"
"","","","D9","FA","FSQRT","","","","","Square Root"
"","","","D9","FB","FSINCOS","","","","","Sine and Cosine"
"","","","D9","FC","FRNDINT","","","","","Round to Integer"
"","","","D9","FD","FSCALE","","","","","Scale"
"","","","D9","FE","FSIN","","","","","Sine"
"","","","D9","FF","FCOS","","","","","Cosine"
"","","","DA","","FIADD","","","Mdi","","Add"
"","","","DA","","FCMOVB","ST","","","","FP Conditional Move - below (CF=1)"
"","","","DA","","FIMUL","","","Mdi","","Multiply"
"","","","DA","","FCMOVE","ST","","","","FP Conditional Move - equal (ZF=1)"
"","","","DA","","FICOM","","","","Mdi","Compare Integer"
"","","","DA","","FCMOVBE","ST","","","","FP Conditional Move - below or equal (CF=1 or ZF=1)"
"","","","DA","","FICOMP","","","","Mdi","Compare Integer and Pop"
"","","","DA","","FCMOVU","ST","","","","FP Conditional Move - unordered (PF=1)"
"","","","DA","","FISUB","","","Mdi","","Subtract"
"","","","DA","","FISUBR","","","Mdi","","Reverse Subtract"
"","","","DA","E9","FUCOMPP","","","","","Unordered Compare Floating Point Values and Pop Twice"
"","","","DA","","FIDIV","","","Mdi","","Divide"
"","","","DA","","FIDIVR","","","Mdi","","Reverse Divide"
"","","","DB","","FILD","","","Mdi","","Load Integer"
"","","","DB","","FCMOVNB","ST","","","","FP Conditional Move - not below (CF=0)"
"","","","DB","","FISTTP","Mdi","","","","Store Integer with Truncation and Pop"
"","","","DB","","FCMOVNE","ST","","","","FP Conditional Move - not equal (ZF=0)"
"","","","DB","","FIST","Mdi","","","","Store Integer"
"","","","DB","","FCMOVNBE","ST","","","","FP Conditional Move - below or equal (CF=0 and ZF=0)"
"","","","DB","","FISTP","Mdi","","","","Store Integer and Pop"
"","","","DB","","FCMOVNU","ST","","","","FP Conditional Move - not unordered (PF=0)"
"","","","DB","E0","FNENI","","","","","Enable NPX Interrupt"
"","9B","","DB","E0","FENI","","","","","Enable NPX Interrupt"
"","","","DB","E0","FNENI","","","","","Treated as Integer NOP"
"","","","DB","E1","FNDISI","","","","","Disable NPX Interrupt"
"","9B","","DB","E1","FDISI","","","","","Disable NPX Interrupt"
"","","","DB","E1","FNDISI","","","","","Treated as Integer NOP"
"","","","DB","E2","FNCLEX","","","","","Clear Exceptions"
"","9B","","DB","E2","FCLEX","","","","","Clear Exceptions"
"","","","DB","E3","FNINIT","","","","","Initialize Floating-Point Unit"
"","9B","","DB","E3","FINIT","","","","","Initialize Floating-Point Unit"
"","","","DB","E4","FNSETPM","","","","","Set Protected Mode"
"","9B","","DB","E4","FSETPM","","","","","Set Protected Mode"
"","","","DB","E4","FNSETPM","","","","","Treated as Integer NOP"
"","","","DB","","FLD","","","Mer","","Load Floating Point Value"
"","","","DB","","FUCOMI","","","ST","","Unordered Compare Floating Point Values and Set EFLAGS"
"","","","DB","","FCOMI","","","ST","","Compare Floating Point Values and Set EFLAGS"
"","","","DB","","FSTP","Mer","","","","Store Floating Point Value and Pop"
"","","","DC","","FADD","","","Mdr","","Add"
"","","","DC","","FADD","","","ST","","Add"
"","","","DC","","FMUL","","","Mdr","","Multiply"
"","","","DC","","FMUL","","","ST","","Multiply"
"","","","DC","","FCOM","","","","Mdr","Compare Real"
"","","","DC","","FCOM2","","","","","Compare Real"
"","","","DC","","FCOM2","","","","","Compare Real"
"","","","DC","","FCOMP","","","","Mdr","Compare Real and Pop"
"","","","DC","","FCOMP3","","","","","Compare Real and Pop"
"","","","DC","","FCOMP3","","","","","Compare Real and Pop"
"","","","DC","","FSUB","","","Mdr","","Subtract"
"","","","DC","","FSUBR","","","ST","","Reverse Subtract"
"","","","DC","","FSUBR","","","Mdr","","Reverse Subtract"
"","","","DC","","FSUB","","","ST","","Subtract"
"","","","DC","","FDIV","","","Mdr","","Divide"
"","","","DC","","FDIVR","","","ST","","Reverse Divide"
"","","","DC","","FDIVR","","","Mdr","","Reverse Divide"
"","","","DC","","FDIV","","","ST","","Divide and Pop"
"","","","DD","","FLD","","","Mdr","","Load Floating Point Value"
"","","","DD","","FFREE","","","","","Free Floating-Point Register"
"","","","DD","","FISTTP","Mqi","","","","Store Integer with Truncation and Pop"
"","","","DD","","FXCH4","","","","","Exchange Register Contents"
"","","","DD","","FXCH4","","","","","Exchange Register Contents"
"","","","DD","","FST","Mdr","","","","Store Floating Point Value"
"","","","DD","","FST","","","","","Store Floating Point Value"
"","","","DD","","FSTP","Mdr","","","","Store Floating Point Value and Pop"
"","","","DD","","FSTP","","","","","Store Floating Point Value and Pop"
"","","","DD","","FRSTOR","","","Mst","","Restore x87 FPU State"
"","","","DD","","FUCOM","","","","","Unordered Compare Floating Point Values"
"","","","DD","E1","FUCOM","","","","","Unordered Compare Floating Point Values"
"","","","DD","","FUCOMP","","","","","Unordered Compare Floating Point Values and Pop"
"","","","DD","E9","FUCOMP","","","","","Unordered Compare Floating Point Values and Pop"
"","","","DD","","FNSAVE","Mst","","","","Store x87 FPU State"
"","9B","","DD","","FSAVE","Mst","","","","Store x87 FPU State"
"","","","DD","","FNSTSW","Mw","","","","Store x87 FPU Status Word"
"","9B","","DD","","FSTSW","Mw","","","","Store x87 FPU Status Word"
"","","","DE","","FIADD","","","Mwi","","Add"
"","","","DE","","FADDP","","","ST","","Add and Pop"
"","","","DE","C1","FADDP","","","","","Add and Pop"
"","","","DE","","FIMUL","","","Mwi","","Multiply"
"","","","DE","","FMULP","","","ST","","Multiply and Pop"
"","","","DE","C9","FMULP","","","","","Multiply and Pop"
"","","","DE","","FICOM","","","","Mwi","Compare Integer"
"","","","DE","","FCOMP5","","","","","Compare Real and Pop"
"","","","DE","","FCOMP5","","","","","Compare Real and Pop"
"","","","DE","","FICOMP","","","","Mwi","Compare Integer and Pop"
"","","","DE","D9","FCOMPP","","","","","Compare Real and Pop Twice"
"","","","DE","","FISUB","","","Mwi","","Subtract"
"","","","DE","","FSUBRP","","","ST","","Reverse Subtract and Pop"
"","","","DE","E1","FSUBRP","","","","","Reverse Subtract and Pop"
"","","","DE","","FISUBR","","","Mwi","","Reverse Subtract"
"","","","DE","","FSUBP","","","ST","","Subtract and Pop"
"","","","DE","E9","FSUBP","","","","","Subtract and Pop"
"","","","DE","","FIDIV","","","Mwi","","Divide"
"","","","DE","","FDIVRP","","","ST","","Reverse Divide and Pop"
"","","","DE","F1","FDIVRP","","","","","Reverse Divide and Pop"
"","","","DE","","FIDIVR","","","Mwi","","Reverse Divide"
"","","","DE","","FDIVP","","","ST","","Divide and Pop"
"","","","DE","F9","FDIVP","","","","","Divide and Pop"
"","","","DF","","FILD","","","Mwi","","Load Integer"
"","","","DF","","FFREEP","","","","","Free Floating-Point Register and Pop"
"","","","DF","","FISTTP","Mwi","","","","Store Integer with Truncation and Pop"
"","","","DF","","FXCH7","","","","","Exchange Register Contents"
"","","","DF","","FXCH7","","","","","Exchange Register Contents"
"","","","DF","","FIST","Mwi","","","","Store Integer"
"","","","DF","","FSTP8","","","","","Store Floating Point Value and Pop"
"","","","DF","","FSTP8","","","","","Store Floating Point Value and Pop"
"","","","DF","","FISTP","Mwi","","","","Store Integer and Pop"
"","","","DF","","FSTP9","","","","","Store Floating Point Value and Pop"
"","","","DF","","FSTP9","","","","","Store Floating Point Value and Pop"
"","","","DF","","FBLD","","","Mbcd","","Load Binary Coded Decimal"
"","","","DF","E0","FNSTSW","AX","","","","Store x87 FPU Status Word"
"","9B","","DF","E0","FSTSW","AX","","","","Store x87 FPU Status Word"
"","","","DF","","FILD","","","Mqi","","Load Integer"
"","","","DF","","FUCOMIP","","","ST","","Unordered Compare Floating Point Values and Set EFLAGS and Pop"
"","","","DF","","FBSTP","Mbcd","","","","Store BCD Integer and Pop"
"","","","DF","","FCOMIP","","","ST","","Compare Floating Point Values and Set EFLAGS and Pop"
"","","","DF","","FISTP","Mqi","","","","Store Integer and Pop"
"","","","E0","","LOOPNZ","","","Jbs","","Decrement count; Jump short if count!=0 and ZF=0"
"","","","E1","","LOOPZ","","","Jbs","","Decrement count; Jump short if count!=0 and ZF=1"
"","","","E2","","LOOP","","","Jbs","","Decrement count; Jump short if count!=0"
"","","","E3","","JCXZ","","","Jbs","","Jump short if eCX register is 0"
"","","","E4","","IN","AL","","Ib","","Input from Port"
"","","","E5","","IN","eAX","","Ib","","Input from Port"
"","","","E6","","OUT","Ib","","AL","","Output to Port"
"","","","E7","","OUT","Ib","","eAX","","Output to Port"
"","","","E8","","CALL","","","Jvds","","Call Procedure"
"","","","E9","","JMP","","","Jvds","","Jump"
"","","","EA","","JMPF","","","Ap","","Jump"
"","","","EB","","JMP","","","Jbs","","Jump"
"","","","EC","","IN","AL","","DX","","Input from Port"
"","","","ED","","IN","eAX","","DX","","Input from Port"
"","","","EE","","OUT","DX","","AL","","Output to Port"
"","","","EF","","OUT","DX","","eAX","","Output to Port"
"","","","F1","","INT1","","","","","Call to Interrupt Procedure"
"","","","F4","","HLT","","","","","Halt"
"","","","F5","","CMC","","","","","Complement Carry Flag"
"","","","F6","","TEST","","","Eb","Ib","Logical Compare"
"","","","F6","","TEST","","","Eb","Ib","Logical Compare"
"","","","F6","","NOT","Eb","","","","One's Complement Negation"
"","","","F6","","NEG","Eb","","","","Two's Complement Negation"
"","","","F6","","MUL","","","","Eb","Unsigned Multiply"
"","","","F6","","IMUL","","","","Eb","Signed Multiply"
"","","","F6","","DIV","","","","Eb","Unsigned Divide"
"","","","F6","","IDIV","","","","Eb","Signed Divide"
"","","","F7","","TEST","","","Evqp","Ivqp","Logical Compare"
"","","","F7","","TEST","","","Evqp","Ivqp","Logical Compare"
"","","","F7","","NOT","Evqp","","","","One's Complement Negation"
"","","","F7","","NEG","Evqp","","","","Two's Complement Negation"
"","","","F7","","MUL","","","Evqp","","Unsigned Multiply"
"","","","F7","","IMUL","","","Evqp","","Signed Multiply"
"","","","F7","","DIV","","","Evqp","","Unsigned Divide"
"","","","F7","","IDIV","","","Evqp","","Signed Divide"
"","","","F8","","CLC","","","","","Clear Carry Flag"
"","","","F9","","STC","","","","","Set Carry Flag"
"","","","FA","","CLI","","","","","Clear Interrupt Flag"
"","","","FB","","STI","","","","","Set Interrupt Flag"
"","","","FC","","CLD","","","","","Clear Direction Flag"
"","","","FD","","STD","","","","","Set Direction Flag"
"","","","FE","","INC","Eb","","","","Increment by 1"
"","","","FE","","DEC","Eb","","","","Decrement by 1"
"","","","FF","","INC","Evqp","","","","Increment by 1"
"","","","FF","","DEC","Evqp","","","","Decrement by 1"
"","","","FF","","CALL","","","Ev","","Call Procedure"
"","","","FF","","CALLF","","","Mptp","","Call Procedure"
"","","","FF","","JMP","","","Ev","","Jump"
"","","","FF","","JMPF","","","Mptp","","Jump"
"","","","FF","","PUSH","","","Ev","","Push Word, Doubleword or Quadword Onto the Stack"
"","","OF","00","","SLDT","Mw","","","","Store Local Descriptor Table Register"
"","","OF","00","","STR","Mw","","","","Store Task Register"
"","","OF","00","","LLDT","","","Ew","","Load Local Descriptor Table Register"
"","","OF","00","","LTR","","","Ew","","Load Task Register"
"","","OF","00","","VERR","","","Ew","","Verify a Segment for Reading"
"","","OF","00","","VERW","","","Ew","","Verify a Segment for Writing"
"","","OF","00","","JMPE","","","","","Jump to IA-64 Instruction Set"
"","","OF","01","","SGDT","Ms","","","","Store Global Descriptor Table Register"
"","","OF","01","C1","VMCALL","","","","","Call to VM Monitor"
"","","OF","01","C2","VMLAUNCH","","","","","Launch Virtual Machine"
"","","OF","01","C3","VMRESUME","","","","","Resume Virtual Machine"
"","","OF","01","C4","VMXOFF","","","","","Leave VMX Operation"
"","","OF","01","","SIDT","Ms","","","","Store Interrupt Descriptor Table Register"
"","","OF","01","C8","MONITOR","","","","","Set Up Monitor Address"
"","","OF","01","C9","MWAIT","","","","","Monitor Wait"
"","","OF","01","","LGDT","","","Ms","","Load Global Descriptor Table Register"
"","","OF","01","D0","XGETBV","","","","","Get Value of Extended Control Register"
"","","OF","01","D1","XSETBV","","","","","Set Extended Control Register"
"","","OF","01","","LIDT","","","Ms","","Load Interrupt Descriptor Table Register"
"","","OF","01","","SMSW","Mw","","","","Store Machine Status Word"
"","","OF","01","","LMSW","","","Ew","","Load Machine Status Word"
"","","OF","01","","INVLPG","","","","","Invalidate TLB Entry"
"","","OF","01","F9","RDTSCP","","","","","Read Time-Stamp Counter and Processor ID"
"","","OF","02","","LAR","Gvqp","","Mw","","Load Access Rights Byte"
"","","OF","03","","LSL","Gvqp","","Mw","","Load Segment Limit"
"","","OF","05","","LOADALL","","","","","Load All of the CPU Registers"
"","","OF","06","","CLTS","","","","","Clear Task-Switched Flag in CR0"
"","","OF","07","","LOADALL","","","","","Load All of the CPU Registers"
"","","OF","08","","INVD","","","","","Invalidate Internal Caches"
"","","OF","09","","WBINVD","","","","","Write Back and Invalidate Cache"
"","","OF","0D","","NOP","","","Ev","","No Operation"
"","","OF","10","","MOVUPS","Vps","","Wps","","Move Unaligned Packed Single-FP Values"
"","F3","OF","10","","MOVSS","Vss","","Wss","","Move Scalar Single-FP Values"
"","66","OF","10","","MOVUPD","Vpd","","Wpd","","Move Unaligned Packed Double-FP Value"
"","F2","OF","10","","MOVSD","Vsd","","Wsd","","Move Scalar Double-FP Value"
"","","OF","11","","MOVUPS","Wps","","Vps","","Move Unaligned Packed Single-FP Values"
"","F3","OF","11","","MOVSS","Wss","","Vss","","Move Scalar Single-FP Values"
"","66","OF","11","","MOVUPD","Wpd","","Vpd","","Move Unaligned Packed Double-FP Values"
"","F2","OF","11","","MOVSD","Wsd","","Vsd","","Move Scalar Double-FP Value"
"","","OF","12","","MOVHLPS","Vq","","Uq","","Move Packed Single-FP Values High to Low"
"","","OF","12","","MOVLPS","Vq","","Mq","","Move Low Packed Single-FP Values"
"","66","OF","12","","MOVLPD","Vq","","Mq","","Move Low Packed Double-FP Value"
"","F2","OF","12","","MOVDDUP","Vq","","Wq","","Move One Double-FP and Duplicate"
"","F3","OF","12","","MOVSLDUP","Vq","","Wq","","Move Packed Single-FP Low and Duplicate"
"","","OF","13","","MOVLPS","Mq","","Vq","","Move Low Packed Single-FP Values"
"","66","OF","13","","MOVLPD","Mq","","Vq","","Move Low Packed Double-FP Value"
"","","OF","14","","UNPCKLPS","Vps","","Wq","","Unpack and Interleave Low Packed Single-FP Values"
"","66","OF","14","","UNPCKLPD","Vpd","","Wpd","","Unpack and Interleave Low Packed Double-FP Values"
"","","OF","15","","UNPCKHPS","Vps","","Wq","","Unpack and Interleave High Packed Single-FP Values"
"","66","OF","15","","UNPCKHPD","Vpd","","Wpd","","Unpack and Interleave High Packed Double-FP Values"
"","","OF","16","","MOVLHPS","Vq","","Uq","","Move Packed Single-FP Values Low to High"
"","","OF","16","","MOVHPS","Vq","","Mq","","Move High Packed Single-FP Values"
"","66","OF","16","","MOVHPD","Vq","","Mq","","Move High Packed Double-FP Value"
"","F3","OF","16","","MOVSHDUP","Vq","","Wq","","Move Packed Single-FP High and Duplicate"
"","","OF","17","","MOVHPS","Mq","","Vq","","Move High Packed Single-FP Values"
"","66","OF","17","","MOVHPD","Mq","","Vq","","Move High Packed Double-FP Value"
"","","OF","18","","HINT_NOP","","","Ev","","Hintable NOP"
"","","OF","18","","PREFETCHNTA","","","Mb","","Prefetch Data Into Caches"
"","","OF","18","","PREFETCHT0","","","Mb","","Prefetch Data Into Caches"
"","","OF","18","","PREFETCHT1","","","Mb","","Prefetch Data Into Caches"
"","","OF","18","","PREFETCHT2","","","Mb","","Prefetch Data Into Caches"
"","","OF","18","","HINT_NOP","","","Ev","","Hintable NOP"
"","","OF","18","","HINT_NOP","","","Ev","","Hintable NOP"
"","","OF","18","","HINT_NOP","","","Ev","","Hintable NOP"
"","","OF","18","","HINT_NOP","","","Ev","","Hintable NOP"
"","","OF","19","","HINT_NOP","","","Ev","","Hintable NOP"
"","","OF","1A","","HINT_NOP","","","Ev","","Hintable NOP"
"","","OF","1B","","HINT_NOP","","","Ev","","Hintable NOP"
"","","OF","1C","","HINT_NOP","","","Ev","","Hintable NOP"
"","","OF","1D","","HINT_NOP","","","Ev","","Hintable NOP"
"","","OF","1E","","HINT_NOP","","","Ev","","Hintable NOP"
"","","OF","1F","","HINT_NOP","","","Ev","","Hintable NOP"
"","","OF","1F","","NOP","","","Ev","","No Operation"
"","","OF","1F","","HINT_NOP","","","Ev","","Hintable NOP"
"","","OF","1F","","HINT_NOP","","","Ev","","Hintable NOP"
"","","OF","1F","","HINT_NOP","","","Ev","","Hintable NOP"
"","","OF","1F","","HINT_NOP","","","Ev","","Hintable NOP"
"","","OF","1F","","HINT_NOP","","","Ev","","Hintable NOP"
"","","OF","1F","","HINT_NOP","","","Ev","","Hintable NOP"
"","","OF","1F","","HINT_NOP","","","Ev","","Hintable NOP"
"","","OF","20","","MOV","Rd","","Cd","","Move to/from Control Registers"
"","","OF","20","","MOV","Hd","","Cd","","Move to/from Control Registers"
"","","OF","21","","MOV","Rd","","Dd","","Move to/from Debug Registers"
"","","OF","21","","MOV","Hd","","Dd","","Move to/from Debug Registers"
"","","OF","22","","MOV","Cd","","Rd","","Move to/from Control Registers"
"","","OF","22","","MOV","Cd","","Hd","","Move to/from Control Registers"
"","","OF","23","","MOV","Dd","","Rd","","Move to/from Debug Registers"
"","","OF","23","","MOV","Dq","","Hq","","Move to/from Debug Registers"
"","","OF","24","","MOV","Rd","","Td","","Move to/from Test Registers"
"","","OF","24","","MOV","Hd","","Td","","Move to/from Test Registers"
"","","OF","26","","MOV","Td","","Rd","","Move to/from Test Registers"
"","","OF","26","","MOV","Td","","Hd","","Move to/from Test Registers"
"","","OF","28","","MOVAPS","Vps","","Wps","","Move Aligned Packed Single-FP Values"
"","66","OF","28","","MOVAPD","Vpd","","Wpd","","Move Aligned Packed Double-FP Values"
"","","OF","29","","MOVAPS","Wps","","Vps","","Move Aligned Packed Single-FP Values"
"","66","OF","29","","MOVAPD","Wpd","","Vpd","","Move Aligned Packed Double-FP Values"
"","","OF","2A","","CVTPI2PS","Vps","","Qpi","","Convert Packed DW Integers to Single-FP Values"
"","F3","OF","2A","","CVTSI2SS","Vss","","Edqp","","Convert DW Integer to Scalar Single-FP Value"
"","66","OF","2A","","CVTPI2PD","Vpd","","Qpi","","Convert Packed DW Integers to Double-FP Values"
"","F2","OF","2A","","CVTSI2SD","Vsd","","Edqp","","Convert DW Integer to Scalar Double-FP Value"
"","","OF","2B","","MOVNTPS","Mps","","Vps","","Store Packed Single-FP Values Using Non-Temporal Hint"
"","66","OF","2B","","MOVNTPD","Mpd","","Vpd","","Store Packed Double-FP Values Using Non-Temporal Hint"
"","","OF","2C","","CVTTPS2PI","Ppi","","Wpsq","","Convert with Trunc. Packed Single-FP Values to DW Integers"
"","F3","OF","2C","","CVTTSS2SI","Gdqp","","Wss","","Convert with Trunc. Scalar Single-FP Value to DW Integer"
"","66","OF","2C","","CVTTPD2PI","Ppi","","Wpd","","Convert with Trunc. Packed Double-FP Values to DW Integers"
"","F2","OF","2C","","CVTTSD2SI","Gdqp","","Wsd","","Conv. with Trunc. Scalar Double-FP Value to Signed DW Int"
"","","OF","2D","","CVTPS2PI","Ppi","","Wpsq","","Convert Packed Single-FP Values to DW Integers"
"","F3","OF","2D","","CVTSS2SI","Gdqp","","Wss","","Convert Scalar Single-FP Value to DW Integer"
"","66","OF","2D","","CVTPD2PI","Ppi","","Wpd","","Convert Packed Double-FP Values to DW Integers"
"","F2","OF","2D","","CVTSD2SI","Gdqp","","Wsd","","Convert Scalar Double-FP Value to DW Integer"
"","","OF","2E","","UCOMISS","","","Vss","Wss","Unordered Compare Scalar Single-FP Values and Set EFLAGS"
"","66","OF","2E","","UCOMISD","","","Vsd","Wsd","Unordered Compare Scalar Double-FP Values and Set EFLAGS"
"","","OF","2F","","COMISS","","","Vss","Wss","Compare Scalar Ordered Single-FP Values and Set EFLAGS"
"","66","OF","2F","","COMISD","","","Vsd","Wsd","Compare Scalar Ordered Double-FP Values and Set EFLAGS"
"","","OF","30","","WRMSR","","","","","Write to Model Specific Register"
"","","OF","31","","RDTSC","","","","","Read Time-Stamp Counter"
"","","OF","32","","RDMSR","","","","","Read from Model Specific Register"
"","","OF","33","","RDPMC","","","","","Read Performance-Monitoring Counters"
"","","OF","34","","SYSENTER","","","","","Fast System Call"
"","","OF","35","","SYSEXIT","","","","","Fast Return from Fast System Call"
"","","OF","37","","GETSEC","","","","","GETSEC Leaf Functions"
"","","OF","38","00","PSHUFB","Pq","","Qq","","Packed Shuffle Bytes"
"","66","OF","38","00","PSHUFB","Vdq","","Wdq","","Packed Shuffle Bytes"
"","","OF","38","01","PHADDW","Pq","","Qq","","Packed Horizontal Add"
"","66","OF","38","01","PHADDW","Vdq","","Wdq","","Packed Horizontal Add"
"","","OF","38","02","PHADDD","Pq","","Qq","","Packed Horizontal Add"
"","66","OF","38","02","PHADDD","Vdq","","Wdq","","Packed Horizontal Add"
"","","OF","38","03","PHADDSW","Pq","","Qq","","Packed Horizontal Add and Saturate"
"","66","OF","38","03","PHADDSW","Vdq","","Wdq","","Packed Horizontal Add and Saturate"
"","","OF","38","04","PMADDUBSW","Pq","","Qq","","Multiply and Add Packed Signed and Unsigned Bytes"
"","66","OF","38","04","PMADDUBSW","Vdq","","Wdq","","Multiply and Add Packed Signed and Unsigned Bytes"
"","","OF","38","05","PHSUBW","Pq","","Qq","","Packed Horizontal Subtract"
"","66","OF","38","05","PHSUBW","Vdq","","Wdq","","Packed Horizontal Subtract"
"","","OF","38","06","PHSUBD","Pq","","Qq","","Packed Horizontal Subtract"
"","66","OF","38","06","PHSUBD","Vdq","","Wdq","","Packed Horizontal Subtract"
"","","OF","38","07","PHSUBSW","Pq","","Qq","","Packed Horizontal Subtract and Saturate"
"","66","OF","38","07","PHSUBSW","Vdq","","Wdq","","Packed Horizontal Subtract and Saturate"
"","","OF","38","08","PSIGNB","Pq","","Qq","","Packed SIGN"
"","66","OF","38","08","PSIGNB","Vdq","","Wdq","","Packed SIGN"
"","","OF","38","09","PSIGNW","Pq","","Qq","","Packed SIGN"
"","66","OF","38","09","PSIGNW","Vdq","","Wdq","","Packed SIGN"
"","","OF","38","0A","PSIGND","Pq","","Qq","","Packed SIGN"
"","66","OF","38","0A","PSIGND","Vdq","","Wdq","","Packed SIGN"
"","","OF","38","0B","PMULHRSW","Pq","","Qq","","Packed Multiply High with Round and Scale"
"","66","OF","38","0B","PMULHRSW","Vdq","","Wdq","","Packed Multiply High with Round and Scale"
"","66","OF","38","10","PBLENDVB","Vdq","","Wdq","","Variable Blend Packed Bytes"
"","66","OF","38","14","BLENDVPS","Vps","","Wps","","Variable Blend Packed Single-FP Values"
"","66","OF","38","15","BLENDVPD","Vpd","","Wpd","","Variable Blend Packed Double-FP Values"
"","66","OF","38","17","PTEST","","","Vdq","Wdq","Logical Compare"
"","","OF","38","1C","PABSB","Pq","","Qq","","Packed Absolute Value"
"","66","OF","38","1C","PABSB","Vdq","","Wdq","","Packed Absolute Value"
"","","OF","38","1D","PABSW","Pq","","Qq","","Packed Absolute Value"
"","66","OF","38","1D","PABSW","Vdq","","Wdq","","Packed Absolute Value"
"","","OF","38","1E","PABSD","Pq","","Qq","","Packed Absolute Value"
"","66","OF","38","1E","PABSD","Vdq","","Wdq","","Packed Absolute Value"
"","66","OF","38","20","PMOVSXBW","Vdq","","Mq","","Packed Move with Sign Extend"
"","66","OF","38","21","PMOVSXBD","Vdq","","Md","","Packed Move with Sign Extend"
"","66","OF","38","22","PMOVSXBQ","Vdq","","Mw","","Packed Move with Sign Extend"
"","66","OF","38","23","PMOVSXWD","Vdq","","Mq","","Packed Move with Sign Extend"
"","66","OF","38","24","PMOVSXWQ","Vdq","","Md","","Packed Move with Sign Extend"
"","66","OF","38","25","PMOVSXDQ","Vdq","","Mq","","Packed Move with Sign Extend"
"","66","OF","38","28","PMULDQ","Vdq","","Wdq","","Multiply Packed Signed Dword Integers"
"","66","OF","38","29","PCMPEQQ","Vdq","","Wdq","","Compare Packed Qword Data for Equal"
"","66","OF","38","2A","MOVNTDQA","Vdq","","Mdq","","Load Double Quadword Non-Temporal Aligned Hint"
"","66","OF","38","2B","PACKUSDW","Vdq","","Wdq","","Pack with Unsigned Saturation"
"","66","OF","38","30","PMOVZXBW","Vdq","","Mq","","Packed Move with Zero Extend"
"","66","OF","38","31","PMOVZXBD","Vdq","","Md","","Packed Move with Zero Extend"
"","66","OF","38","32","PMOVZXBQ","Vdq","","Mw","","Packed Move with Zero Extend"
"","66","OF","38","33","PMOVZXWD","Vdq","","Mq","","Packed Move with Zero Extend"
"","66","OF","38","34","PMOVZXWQ","Vdq","","Md","","Packed Move with Zero Extend"
"","66","OF","38","35","PMOVZXDQ","Vdq","","Mq","","Packed Move with Zero Extend"
"","66","OF","38","37","PCMPGTQ","Vdq","","Wdq","","Compare Packed Qword Data for Greater Than"
"","66","OF","38","38","PMINSB","Vdq","","Wdq","","Minimum of Packed Signed Byte Integers"
"","66","OF","38","39","PMINSD","Vdq","","Wdq","","Minimum of Packed Signed Dword Integers"
"","66","OF","38","3A","PMINUW","Vdq","","Wdq","","Minimum of Packed Unsigned Word Integers"
"","66","OF","38","3B","PMINUD","Vdq","","Wdq","","Minimum of Packed Unsigned Dword Integers"
"","66","OF","38","3C","PMAXSB","Vdq","","Wdq","","Maximum of Packed Signed Byte Integers"
"","66","OF","38","3D","PMAXSD","Vdq","","Wdq","","Maximum of Packed Signed Dword Integers"
"","66","OF","38","3E","PMAXUW","Vdq","","Wdq","","Maximum of Packed Unsigned Word Integers"
"","66","OF","38","3F","PMAXUD","Vdq","","Wdq","","Maximum of Packed Unsigned Dword Integers"
"","66","OF","38","40","PMULLD","Vdq","","Wdq","","Multiply Packed Signed Dword Integers and Store Low Result"
"","66","OF","38","41","PHMINPOSUW","Vdq","","Wdq","","Packed Horizontal Word Minimum"
"","66","OF","38","80","INVEPT","","","Gd","Mdq","Invalidate Translations Derived from EPT"
"","66","OF","38","81","INVVPID","","","Gd","Mdq","Invalidate Translations Based on VPID"
"","","OF","38","F0","MOVBE","Gvqp","","Mvqp","","Move Data After Swapping Bytes"
"","F2","OF","38","F0","CRC32","Gdqp","","Eb","","Accumulate CRC32 Value"
"","","OF","38","F1","MOVBE","Mvqp","","Gvqp","","Move Data After Swapping Bytes"
"","F2","OF","38","F1","CRC32","Gdqp","","Evqp","","Accumulate CRC32 Value"
"","66","OF","3A","08","ROUNDPS","Vps","","Wps","Ib","Round Packed Single-FP Values"
"","66","OF","3A","09","ROUNDPD","Vps","","Wpd","Ib","Round Packed Double-FP Values"
"","66","OF","3A","0A","ROUNDSS","Vss","","Wss","Ib","Round Scalar Single-FP Values"
"","66","OF","3A","0B","ROUNDSD","Vsd","","Wsd","Ib","Round Scalar Double-FP Values"
"","66","OF","3A","0C","BLENDPS","Vps","","Wps","Ib","Blend Packed Single-FP Values"
"","66","OF","3A","0D","BLENDPD","Vpd","","Wpd","Ib","Blend Packed Double-FP Values"
"","66","OF","3A","0E","PBLENDW","Vdq","","Wdq","Ib","Blend Packed Words"
"","","OF","3A","0F","PALIGNR","Pq","","Qq","","Packed Align Right"
"","66","OF","3A","0F","PALIGNR","Vdq","","Wdq","","Packed Align Right"
"","66","OF","3A","14","PEXTRB","Mb","","Vdq","Ib","Extract Byte"
"","66","OF","3A","15","PEXTRW","Mw","","Vdq","Ib","Extract Word"
"","66","OF","3A","16","PEXTRD","Ed","","Vdq","Ib","Extract Dword/Qword"
"","66","OF","3A","17","EXTRACTPS","Ed","","Vdq","Ib","Extract Packed Single-FP Value"
"","66","OF","3A","20","PINSRB","Vdq","","Mb","Ib","Insert Byte"
"","66","OF","3A","21","INSERTPS","Vps","","Ups","Ib","Insert Packed Single-FP Value"
"","66","OF","3A","22","PINSRD","Vdq","","Ed","Ib","Insert Dword/Qword"
"","66","OF","3A","40","DPPS","Vps","","Wps","","Dot Product of Packed Single-FP Values"
"","66","OF","3A","41","DPPD","Vpd","","Wpd","","Dot Product of Packed Double-FP Values"
"","66","OF","3A","42","MPSADBW","Vdq","","Wdq","Ib","Compute Multiple Packed Sums of Absolute Difference"
"","66","OF","3A","60","PCMPESTRM","","","Vdq","Wdq","Packed Compare Explicit Length Strings, Return Mask"
"","66","OF","3A","61","PCMPESTRI","","","Vdq","Wdq","Packed Compare Explicit Length Strings, Return Index"
"","66","OF","3A","62","PCMPISTRM","","","Vdq","Wdq","Packed Compare Implicit Length Strings, Return Mask"
"","66","OF","3A","63","PCMPISTRI","","","Vdq","Wdq","Packed Compare Implicit Length Strings, Return Index"
"","","OF","40","","CMOVO","Gvqp","","Evqp","","Conditional Move - overflow (OF=1)"
"","","OF","41","","CMOVNO","Gvqp","","Evqp","","Conditional Move - not overflow (OF=0)"
"","","OF","42","","CMOVB","Gvqp","","Evqp","","Conditional Move - below/not above or equal/carry (CF=1)"
"","","OF","43","","CMOVNB","Gvqp","","Evqp","","Conditional Move - not below/above or equal/not carry (CF=0)"
"","","OF","44","","CMOVZ","Gvqp","","Evqp","","Conditional Move - zero/equal (ZF=0)"
"","","OF","45","","CMOVNZ","Gvqp","","Evqp","","Conditional Move - not zero/not equal (ZF=1)"
"","","OF","46","","CMOVBE","Gvqp","","Evqp","","Conditional Move - below or equal/not above (CF=1 AND ZF=1)"
"","","OF","47","","CMOVNBE","Gvqp","","Evqp","","Conditional Move - not below or equal/above (CF=0 AND ZF=0)"
"","","OF","48","","CMOVS","Gvqp","","Evqp","","Conditional Move - sign (SF=1)"
"","","OF","49","","CMOVNS","Gvqp","","Evqp","","Conditional Move - not sign (SF=0)"
"","","OF","4A","","CMOVP","Gvqp","","Evqp","","Conditional Move - parity/parity even (PF=1)"
"","","OF","4B","","CMOVNP","Gvqp","","Evqp","","Conditional Move - not parity/parity odd"
"","","OF","4C","","CMOVL","Gvqp","","Evqp","","Conditional Move - less/not greater (SF!=OF)"
"","","OF","4D","","CMOVNL","Gvqp","","Evqp","","Conditional Move - not less/greater or equal (SF=OF)"
"","","OF","4E","","CMOVLE","Gvqp","","Evqp","","Conditional Move - less or equal/not greater ((ZF=1) OR (SF!=OF))"
"","","OF","4F","","CMOVNLE","Gvqp","","Evqp","","Conditional Move - not less nor equal/greater ((ZF=0) AND (SF=OF))"
"","","OF","50","","MOVMSKPS","Gdqp","","Ups","","Extract Packed Single-FP Sign Mask"
"","66","OF","50","","MOVMSKPD","Gdqp","","Upd","","Extract Packed Double-FP Sign Mask"
"","","OF","51","","SQRTPS","Vps","","Wps","","Compute Square Roots of Packed Single-FP Values"
"","F3","OF","51","","SQRTSS","Vss","","Wss","","Compute Square Root of Scalar Single-FP Value"
"","66","OF","51","","SQRTPD","Vpd","","Wpd","","Compute Square Roots of Packed Double-FP Values"
"","F2","OF","51","","SQRTSD","Vsd","","Wsd","","Compute Square Root of Scalar Double-FP Value"
"","","OF","52","","RSQRTPS","Vps","","Wps","","Compute Recipr. of Square Roots of Packed Single-FP Values"
"","F3","OF","52","","RSQRTSS","Vss","","Wss","","Compute Recipr. of Square Root of Scalar Single-FP Value"
"","","OF","53","","RCPPS","Vps","","Wps","","Compute Reciprocals of Packed Single-FP Values"
"","F3","OF","53","","RCPSS","Vss","","Wss","","Compute Reciprocal of Scalar Single-FP Values"
"","","OF","54","","ANDPS","Vps","","Wps","","Bitwise Logical AND of Packed Single-FP Values"
"","66","OF","54","","ANDPD","Vpd","","Wpd","","Bitwise Logical AND of Packed Double-FP Values"
"","","OF","55","","ANDNPS","Vps","","Wps","","Bitwise Logical AND NOT of Packed Single-FP Values"
"","66","OF","55","","ANDNPD","Vpd","","Wpd","","Bitwise Logical AND NOT of Packed Double-FP Values"
"","","OF","56","","ORPS","Vps","","Wps","","Bitwise Logical OR of Single-FP Values"
"","66","OF","56","","ORPD","Vpd","","Wpd","","Bitwise Logical OR of Double-FP Values"
"","","OF","57","","XORPS","Vps","","Wps","","Bitwise Logical XOR for Single-FP Values"
"","66","OF","57","","XORPD","Vpd","","Wpd","","Bitwise Logical XOR for Double-FP Values"
"","","OF","58","","ADDPS","Vps","","Wps","","Add Packed Single-FP Values"
"","F3","OF","58","","ADDSS","Vss","","Wss","","Add Scalar Single-FP Values"
"","66","OF","58","","ADDPD","Vpd","","Wpd","","Add Packed Double-FP Values"
"","F2","OF","58","","ADDSD","Vsd","","Wsd","","Add Scalar Double-FP Values"
"","","OF","59","","MULPS","Vps","","Wps","","Multiply Packed Single-FP Values"
"","F3","OF","59","","MULSS","Vss","","Wss","","Multiply Scalar Single-FP Value"
"","66","OF","59","","MULPD","Vpd","","Wpd","","Multiply Packed Double-FP Values"
"","F2","OF","59","","MULSD","Vsd","","Wsd","","Multiply Scalar Double-FP Values"
"","","OF","5A","","CVTPS2PD","Vpd","","Wps","","Convert Packed Single-FP Values to Double-FP Values"
"","66","OF","5A","","CVTPD2PS","Vps","","Wpd","","Convert Packed Double-FP Values to Single-FP Values"
"","F3","OF","5A","","CVTSS2SD","Vsd","","Wss","","Convert Scalar Single-FP Value to Scalar Double-FP Value "
"","F2","OF","5A","","CVTSD2SS","Vss","","Wsd","","Convert Scalar Double-FP Value to Scalar Single-FP Value"
"","","OF","5B","","CVTDQ2PS","Vps","","Wdq","","Convert Packed DW Integers to Single-FP Values"
"","66","OF","5B","","CVTPS2DQ","Vdq","","Wps","","Convert Packed Single-FP Values to DW Integers"
"","F3","OF","5B","","CVTTPS2DQ","Vdq","","Wps","","Convert with Trunc. Packed Single-FP Values to DW Integers"
"","","OF","5C","","SUBPS","Vps","","Wps","","Subtract Packed Single-FP Values"
"","F3","OF","5C","","SUBSS","Vss","","Wss","","Subtract Scalar Single-FP Values"
"","66","OF","5C","","SUBPD","Vpd","","Wpd","","Subtract Packed Double-FP Values"
"","F2","OF","5C","","SUBSD","Vsd","","Wsd","","Subtract Scalar Double-FP Values"
"","","OF","5D","","MINPS","Vps","","Wps","","Return Minimum Packed Single-FP Values"
"","F3","OF","5D","","MINSS","Vss","","Wss","","Return Minimum Scalar Single-FP Value"
"","66","OF","5D","","MINPD","Vpd","","Wpd","","Return Minimum Packed Double-FP Values"
"","F2","OF","5D","","MINSD","Vsd","","Wsd","","Return Minimum Scalar Double-FP Value"
"","","OF","5E","","DIVPS","Vps","","Wps","","Divide Packed Single-FP Values"
"","F3","OF","5E","","DIVSS","Vss","","Wss","","Divide Scalar Single-FP Values"
"","66","OF","5E","","DIVPD","Vpd","","Wpd","","Divide Packed Double-FP Values"
"","F2","OF","5E","","DIVSD","Vsd","","Wsd","","Divide Scalar Double-FP Values"
"","","OF","5F","","MAXPS","Vps","","Wps","","Return Maximum Packed Single-FP Values"
"","F3","OF","5F","","MAXSS","Vss","","Wss","","Return Maximum Scalar Single-FP Value"
"","66","OF","5F","","MAXPD","Vpd","","Wpd","","Return Maximum Packed Double-FP Values"
"","F2","OF","5F","","MAXSD","Vsd","","Wsd","","Return Maximum Scalar Double-FP Value"
"","","OF","60","","PUNPCKLBW","Pq","","Qd","","Unpack Low Data"
"","66","OF","60","","PUNPCKLBW","Vdq","","Wdq","","Unpack Low Data"
"","","OF","61","","PUNPCKLWD","Pq","","Qd","","Unpack Low Data"
"","66","OF","61","","PUNPCKLWD","Vdq","","Wdq","","Unpack Low Data"
"","","OF","62","","PUNPCKLDQ","Pq","","Qd","","Unpack Low Data"
"","66","OF","62","","PUNPCKLDQ","Vdq","","Wdq","","Unpack Low Data"
"","","OF","63","","PACKSSWB","Pq","","Qd","","Pack with Signed Saturation"
"","66","OF","63","","PACKSSWB","Vdq","","Wdq","","Pack with Signed Saturation"
"","","OF","64","","PCMPGTB","Pq","","Qd","","Compare Packed Signed Integers for Greater Than"
"","66","OF","64","","PCMPGTB","Vdq","","Wdq","","Compare Packed Signed Integers for Greater Than"
"","","OF","65","","PCMPGTW","Pq","","Qd","","Compare Packed Signed Integers for Greater Than"
"","66","OF","65","","PCMPGTW","Vdq","","Wdq","","Compare Packed Signed Integers for Greater Than"
"","","OF","66","","PCMPGTD","Pq","","Qd","","Compare Packed Signed Integers for Greater Than"
"","66","OF","66","","PCMPGTD","Vdq","","Wdq","","Compare Packed Signed Integers for Greater Than"
"","","OF","67","","PACKUSWB","Pq","","Qq","","Pack with Unsigned Saturation"
"","66","OF","67","","PACKUSWB","Vdq","","Wdq","","Pack with Unsigned Saturation"
"","","OF","68","","PUNPCKHBW","Pq","","Qq","","Unpack High Data"
"","66","OF","68","","PUNPCKHBW","Vdq","","Wdq","","Unpack High Data"
"","","OF","69","","PUNPCKHWD","Pq","","Qq","","Unpack High Data"
"","66","OF","69","","PUNPCKHWD","Vdq","","Wdq","","Unpack High Data"
"","","OF","6A","","PUNPCKHDQ","Pq","","Qq","","Unpack High Data"
"","66","OF","6A","","PUNPCKHDQ","Vdq","","Wdq","","Unpack High Data"
"","","OF","6B","","PACKSSDW","Pq","","Qq","","Pack with Signed Saturation"
"","66","OF","6B","","PACKSSDW","Vdq","","Wdq","","Pack with Signed Saturation"
"","66","OF","6C","","PUNPCKLQDQ","Vdq","","Wdq","","Unpack Low Data"
"","66","OF","6D","","PUNPCKHQDQ","Vdq","","Wdq","","Unpack High Data"
"","","OF","6E","","MOVD","Pq","","Ed","","Move Doubleword"
"","66","OF","6E","","MOVD","Vdq","","Ed","","Move Doubleword"
"","","OF","6F","","MOVQ","Pq","","Qq","","Move Quadword"
"","66","OF","6F","","MOVDQA","Vdq","","Wdq","","Move Aligned Double Quadword"
"","F3","OF","6F","","MOVDQU","Vdq","","Wdq","","Move Unaligned Double Quadword"
"","","OF","70","","PSHUFW","Pq","","Qq","Ib","Shuffle Packed Words"
"","F2","OF","70","","PSHUFLW","Vdq","","Wdq","Ib","Shuffle Packed Low Words"
"","F3","OF","70","","PSHUFHW","Vdq","","Wdq","Ib","Shuffle Packed High Words"
"","66","OF","70","","PSHUFD","Vdq","","Wdq","Ib","Shuffle Packed Doublewords"
"","","OF","71","","PSRLW","Nq","","Ib","","Shift Packed Data Right Logical"
"","66","OF","71","","PSRLW","Udq","","Ib","","Shift Packed Data Right Logical"
"","","OF","71","","PSRAW","Nq","","Ib","","Shift Packed Data Right Arithmetic"
"","66","OF","71","","PSRAW","Udq","","Ib","","Shift Packed Data Right Arithmetic"
"","","OF","71","","PSLLW","Nq","","Ib","","Shift Packed Data Left Logical"
"","66","OF","71","","PSLLW","Udq","","Ib","","Shift Packed Data Left Logical"
"","","OF","72","","PSRLD","Nq","","Ib","","Shift Double Quadword Right Logical"
"","66","OF","72","","PSRLD","Udq","","Ib","","Shift Double Quadword Right Logical"
"","","OF","72","","PSRAD","Nq","","Ib","","Shift Packed Data Right Arithmetic"
"","66","OF","72","","PSRAD","Udq","","Ib","","Shift Packed Data Right Arithmetic"
"","","OF","72","","PSLLD","Nq","","Ib","","Shift Packed Data Left Logical"
"","66","OF","72","","PSLLD","Udq","","Ib","","Shift Packed Data Left Logical"
"","","OF","73","","PSRLQ","Nq","","Ib","","Shift Packed Data Right Logical"
"","66","OF","73","","PSRLQ","Udq","","Ib","","Shift Packed Data Right Logical"
"","66","OF","73","","PSRLDQ","Udq","","Ib","","Shift Double Quadword Right Logical"
"","","OF","73","","PSLLQ","Nq","","Ib","","Shift Packed Data Left Logical"
"","66","OF","73","","PSLLQ","Udq","","Ib","","Shift Packed Data Left Logical"
"","66","OF","73","","PSLLDQ","Udq","","Ib","","Shift Double Quadword Left Logical"
"","","OF","74","","PCMPEQB","Pq","","Qq","","Compare Packed Data for Equal"
"","66","OF","74","","PCMPEQB","Vdq","","Wdq","","Compare Packed Data for Equal"
"","","OF","75","","PCMPEQW","Pq","","Qq","","Compare Packed Data for Equal"
"","66","OF","75","","PCMPEQW","Vdq","","Wdq","","Compare Packed Data for Equal"
"","","OF","76","","PCMPEQD","Pq","","Qq","","Compare Packed Data for Equal"
"","66","OF","76","","PCMPEQD","Vdq","","Wdq","","Compare Packed Data for Equal"
"","","OF","77","","EMMS","","","","","Empty MMX Technology State"
"","","OF","78","","VMREAD","Ed","","Gd","","Read Field from Virtual-Machine Control Structure"
"","","OF","79","","VMWRITE","","","Gd","Ed","Write Field to Virtual-Machine Control Structure"
"","66","OF","7C","","HADDPD","Vpd","","Wpd","","Packed Double-FP Horizontal Add"
"","F2","OF","7C","","HADDPS","Vps","","Wps","","Packed Single-FP Horizontal Add"
"","66","OF","7D","","HSUBPD","Vpd","","Wpd","","Packed Double-FP Horizontal Subtract"
"","F2","OF","7D","","HSUBPS","Vps","","Wps","","Packed Single-FP Horizontal Subtract"
"","","OF","7E","","MOVD","Ed","","Pq","","Move Doubleword"
"","66","OF","7E","","MOVD","Ed","","Vdq","","Move Doubleword"
"","F3","OF","7E","","MOVQ","Vq","","Wq","","Move Quadword"
"","","OF","7F","","MOVQ","Qq","","Pq","","Move Quadword"
"","66","OF","7F","","MOVDQA","Wdq","","Vdq","","Move Aligned Double Quadword"
"","F3","OF","7F","","MOVDQU","Wdq","","Vdq","","Move Unaligned Double Quadword"
"","","OF","80","","JO","","","Jvds","","Jump short if overflow (OF=1)"
"","","OF","81","","JNO","","","Jvds","","Jump short if not overflow (OF=0)"
"","","OF","82","","JB","","","Jvds","","Jump short if below/not above or equal/carry (CF=1)"
"","","OF","83","","JNB","","","Jvds","","Jump short if not below/above or equal/not carry (CF=0)"
"","","OF","84","","JZ","","","Jvds","","Jump short if zero/equal (ZF=0)"
"","","OF","85","","JNZ","","","Jvds","","Jump short if not zero/not equal (ZF=1)"
"","","OF","86","","JBE","","","Jvds","","Jump short if below or equal/not above (CF=1 AND ZF=1)"
"","","OF","87","","JNBE","","","Jvds","","Jump short if not below or equal/above (CF=0 AND ZF=0)"
"","","OF","88","","JS","","","Jvds","","Jump short if sign (SF=1)"
"","","OF","89","","JNS","","","Jvds","","Jump short if not sign (SF=0)"
"","","OF","8A","","JP","","","Jvds","","Jump short if parity/parity even (PF=1)"
"","","OF","8B","","JNP","","","Jvds","","Jump short if not parity/parity odd"
"","","OF","8C","","JL","","","Jvds","","Jump short if less/not greater (SF!=OF)"
"","","OF","8D","","JNL","","","Jvds","","Jump short if not less/greater or equal (SF=OF)"
"","","OF","8E","","JLE","","","Jvds","","Jump short if less or equal/not greater ((ZF=1) OR (SF!=OF))"
"","","OF","8F","","JNLE","","","Jvds","","Jump short if not less nor equal/greater ((ZF=0) AND (SF=OF))"
"","","OF","90","","SETO","Eb","","","","Set Byte on Condition - overflow (OF=1)"
"","","OF","91","","SETNO","Eb","","","","Set Byte on Condition - not overflow (OF=0)"
"","","OF","92","","SETB","Eb","","","","Set Byte on Condition - below/not above or equal/carry (CF=1)"
"","","OF","93","","SETNB","Eb","","","","Set Byte on Condition - not below/above or equal/not carry (CF=0)"
"","","OF","94","","SETZ","Eb","","","","Set Byte on Condition - zero/equal (ZF=0)"
"","","OF","95","","SETNZ","Eb","","","","Set Byte on Condition - not zero/not equal (ZF=1)"
"","","OF","96","","SETBE","Eb","","","","Set Byte on Condition - below or equal/not above (CF=1 AND ZF=1)"
"","","OF","97","","SETNBE","Eb","","","","Set Byte on Condition - not below or equal/above (CF=0 AND ZF=0)"
"","","OF","98","","SETS","Eb","","","","Set Byte on Condition - sign (SF=1)"
"","","OF","99","","SETNS","Eb","","","","Set Byte on Condition - not sign (SF=0)"
"","","OF","9A","","SETP","Eb","","","","Set Byte on Condition - parity/parity even (PF=1)"
"","","OF","9B","","SETNP","Eb","","","","Set Byte on Condition - not parity/parity odd"
"","","OF","9C","","SETL","Eb","","","","Set Byte on Condition - less/not greater (SF!=OF)"
"","","OF","9D","","SETNL","Eb","","","","Set Byte on Condition - not less/greater or equal (SF=OF)"
"","","OF","9E","","SETLE","Eb","","","","Set Byte on Condition - less or equal/not greater ((ZF=1) OR (SF!=OF))"
"","","OF","9F","","SETNLE","Eb","","","","Set Byte on Condition - not less nor equal/greater ((ZF=0) AND (SF=OF))"
"","","OF","A0","","PUSH","","","FS","","Push Word, Doubleword or Quadword Onto the Stack"
"","","OF","A1","","POP","FS","","","","Pop a Value from the Stack"
"","","OF","A2","","CPUID","","","","","CPU Identification"
"","","OF","A3","","BT","","","Evqp","Gvqp","Bit Test"
"","","OF","A4","","SHLD","Evqp","","Gvqp","Ib","Double Precision Shift Left"
"","","OF","A5","","SHLD","Evqp","","Gvqp","CL","Double Precision Shift Left"
"","","OF","A8","","PUSH","","","GS","","Push Word, Doubleword or Quadword Onto the Stack"
"","","OF","A9","","POP","GS","","","","Pop a Value from the Stack"
"","","OF","AA","","RSM","","","","","Resume from System Management Mode"
"","","OF","AB","","BTS","Evqp","","Gvqp","","Bit Test and Set"
"","","OF","AC","","SHRD","Evqp","","Gvqp","Ib","Double Precision Shift Right"
"","","OF","AD","","SHRD","Evqp","","Gvqp","CL","Double Precision Shift Right"
"","","OF","AE","","FXSAVE","Mstx","","","","Save x87 FPU, MMX, XMM, and MXCSR State"
"","","OF","AE","","FXRSTOR","","","Mstx","","Restore x87 FPU, MMX, XMM, and MXCSR State"
"","","OF","AE","","LDMXCSR","","","Md","","Load MXCSR Register"
"","","OF","AE","","STMXCSR","Md","","","","Store MXCSR Register State"
"","","OF","AE","","XSAVE","","","","","Save Processor Extended States"
"","","OF","AE","","LFENCE","","","","","Load Fence"
"","","OF","AE","","XRSTOR","","","","","Restore Processor Extended States"
"","","OF","AE","","MFENCE","","","","","Memory Fence"
"","","OF","AE","","SFENCE","","","","","Store Fence"
"","","OF","AE","","CLFLUSH","","","Mb","","Flush Cache Line"
"","","OF","AF","","IMUL","Gvqp","","Evqp","","Signed Multiply"
"","","OF","B0","","CMPXCHG","Eb","","Gb","","Compare and Exchange"
"","","OF","B1","","CMPXCHG","Evqp","","Gvqp","","Compare and Exchange"
"","","OF","B2","","LSS","","Gvqp","Mptp","","Load Far Pointer"
"","","OF","B3","","BTR","Evqp","","Gvqp","","Bit Test and Reset"
"","","OF","B4","","LFS","","Gvqp","Mptp","","Load Far Pointer"
"","","OF","B5","","LGS","","Gvqp","Mptp","","Load Far Pointer"
"","","OF","B6","","MOVZX","Gvqp","","Eb","","Move with Zero-Extend"
"","","OF","B7","","MOVZX","Gvqp","","Ew","","Move with Zero-Extend"
"","","OF","B8","","JMPE","","","","","Jump to IA-64 Instruction Set"
"","F3","OF","B8","","POPCNT","Gvqp","","Evqp","","Bit Population Count"
"","","OF","BA","","BT","","","Evqp","Ib","Bit Test"
"","","OF","BA","","BTS","Evqp","","Ib","","Bit Test and Set"
"","","OF","BA","","BTR","Evqp","","Ib","","Bit Test and Reset"
"","","OF","BA","","BTC","Evqp","","Ib","","Bit Test and Complement"
"","","OF","BB","","BTC","Evqp","","Gvqp","","Bit Test and Complement"
"","","OF","BC","","BSF","Gvqp","","Evqp","","Bit Scan Forward"
"","","OF","BD","","BSR","Gvqp","","Evqp","","Bit Scan Reverse"
"","","OF","BE","","MOVSX","Gvqp","","Eb","","Move with Sign-Extension"
"","","OF","BF","","MOVSX","Gvqp","","Ew","","Move with Sign-Extension"
"","","OF","C0","","XADD","Eb","Gb","","","Exchange and Add"
"","","OF","C1","","XADD","Evqp","Gvqp","","","Exchange and Add"
"","","OF","C2","","CMPPS","Vps","","Wps","Ib","Compare Packed Single-FP Values"
"","F3","OF","C2","","CMPSS","Vss","","Wss","Ib","Compare Scalar Single-FP Values"
"","66","OF","C2","","CMPPD","Vpd","","Wpd","Ib","Compare Packed Double-FP Values"
"","F2","OF","C2","","CMPSD","Vsd","","Wsd","Ib","Compare Scalar Double-FP Values"
"","","OF","C3","","MOVNTI","Mdqp","","Gdqp","","Store Doubleword Using Non-Temporal Hint"
"","","OF","C4","","PINSRW","Pq","","Rdqp","Ib","Insert Word"
"","66","OF","C4","","PINSRW","Vdq","","Rdqp","Ib","Insert Word"
"","","OF","C5","","PEXTRW","Gdqp","","Nq","Ib","Extract Word"
"","66","OF","C5","","PEXTRW","Gdqp","","Udq","Ib","Extract Word"
"","","OF","C6","","SHUFPS","Vps","","Wps","Ib","Shuffle Packed Single-FP Values"
"","66","OF","C6","","SHUFPD","Vpd","","Wpd","Ib","Shuffle Packed Double-FP Values"
"","","OF","C7","","CMPXCHG8B","Mq","","","","Compare and Exchange Bytes"
"","","OF","C7","","VMPTRLD","","","Mq","","Load Pointer to Virtual-Machine Control Structure"
"","66","OF","C7","","VMCLEAR","Mq","","","","Clear Virtual-Machine Control Structure"
"","F3","OF","C7","","VMXON","","","Mq","","Enter VMX Operation"
"","","OF","C7","","VMPTRST","Mq","","","","Store Pointer to Virtual-Machine Control Structure"
"","","OF","C8","","BSWAP","Zvqp","","","","Byte Swap"
"","66","OF","D0","","ADDSUBPD","Vpd","","Wpd","","Packed Double-FP Add/Subtract"
"","F2","OF","D0","","ADDSUBPS","Vps","","Wps","","Packed Single-FP Add/Subtract"
"","","OF","D1","","PSRLW","Pq","","Qq","","Shift Packed Data Right Logical"
"","66","OF","D1","","PSRLW","Vdq","","Wdq","","Shift Packed Data Right Logical"
"","","OF","D2","","PSRLD","Pq","","Qq","","Shift Packed Data Right Logical"
"","66","OF","D2","","PSRLD","Vdq","","Wdq","","Shift Packed Data Right Logical"
"","","OF","D3","","PSRLQ","Pq","","Qq","","Shift Packed Data Right Logical"
"","66","OF","D3","","PSRLQ","Vdq","","Wdq","","Shift Packed Data Right Logical"
"","","OF","D4","","PADDQ","Pq","","Qq","","Add Packed Quadword Integers"
"","66","OF","D4","","PADDQ","Vdq","","Wdq","","Add Packed Quadword Integers"
"","","OF","D5","","PMULLW","Pq","","Qq","","Multiply Packed Signed Integers and Store Low Result"
"","66","OF","D5","","PMULLW","Vdq","","Wdq","","Multiply Packed Signed Integers and Store Low Result"
"","66","OF","D6","","MOVQ","Wq","","Vq","","Move Quadword"
"","F3","OF","D6","","MOVQ2DQ","Vdq","","Nq","","Move Quadword from MMX Technology to XMM Register"
"","F2","OF","D6","","MOVDQ2Q","Pq","","Uq","","Move Quadword from XMM to MMX Technology Register"
"","","OF","D7","","PMOVMSKB","Gdqp","","Nq","","Move Byte Mask"
"","66","OF","D7","","PMOVMSKB","Gdqp","","Udq","","Move Byte Mask"
"","","OF","D8","","PSUBUSB","Pq","","Qq","","Subtract Packed Unsigned Integers with Unsigned Saturation"
"","66","OF","D8","","PSUBUSB","Vdq","","Wdq","","Subtract Packed Unsigned Integers with Unsigned Saturation"
"","","OF","D9","","PSUBUSW","Pq","","Qq","","Subtract Packed Unsigned Integers with Unsigned Saturation"
"","66","OF","D9","","PSUBUSW","Vdq","","Wdq","","Subtract Packed Unsigned Integers with Unsigned Saturation"
"","","OF","DA","","PMINUB","Pq","","Qq","","Minimum of Packed Unsigned Byte Integers"
"","66","OF","DA","","PMINUB","Vdq","","Wdq","","Minimum of Packed Unsigned Byte Integers"
"","","OF","DB","","PAND","Pq","","Qd","","Logical AND"
"","66","OF","DB","","PAND","Vdq","","Wdq","","Logical AND"
"","","OF","DC","","PADDUSB","Pq","","Qq","","Add Packed Unsigned Integers with Unsigned Saturation"
"","66","OF","DC","","PADDUSB","Vdq","","Wdq","","Add Packed Unsigned Integers with Unsigned Saturation"
"","","OF","DD","","PADDUSW","Pq","","Qq","","Add Packed Unsigned Integers with Unsigned Saturation"
"","66","OF","DD","","PADDUSW","Vdq","","Wdq","","Add Packed Unsigned Integers with Unsigned Saturation"
"","","OF","DE","","PMAXUB","Pq","","Qq","","Maximum of Packed Unsigned Byte Integers"
"","66","OF","DE","","PMAXUB","Vdq","","Wdq","","Maximum of Packed Unsigned Byte Integers"
"","","OF","DF","","PANDN","Pq","","Qq","","Logical AND NOT"
"","66","OF","DF","","PANDN","Vdq","","Wdq","","Logical AND NOT"
"","","OF","E0","","PAVGB","Pq","","Qq","","Average Packed Integers"
"","66","OF","E0","","PAVGB","Vdq","","Wdq","","Average Packed Integers"
"","","OF","E1","","PSRAW","Pq","","Qq","","Shift Packed Data Right Arithmetic"
"","66","OF","E1","","PSRAW","Vdq","","Wdq","","Shift Packed Data Right Arithmetic"
"","","OF","E2","","PSRAD","Pq","","Qq","","Shift Packed Data Right Arithmetic"
"","66","OF","E2","","PSRAD","Vdq","","Wdq","","Shift Packed Data Right Arithmetic"
"","","OF","E3","","PAVGW","Pq","","Qq","","Average Packed Integers"
"","66","OF","E3","","PAVGW","Vdq","","Wdq","","Average Packed Integers"
"","","OF","E4","","PMULHUW","Pq","","Qq","","Multiply Packed Unsigned Integers and Store High Result"
"","66","OF","E4","","PMULHUW","Vdq","","Wdq","","Multiply Packed Unsigned Integers and Store High Result"
"","","OF","E5","","PMULHW","Pq","","Qq","","Multiply Packed Signed Integers and Store High Result"
"","66","OF","E5","","PMULHW","Vdq","","Wdq","","Multiply Packed Signed Integers and Store High Result"
"","F2","OF","E6","","CVTPD2DQ","Vdq","","Wpd","","Convert Packed Double-FP Values to DW Integers"
"","66","OF","E6","","CVTTPD2DQ","Vdq","","Wpd","","Convert with Trunc. Packed Double-FP Values to DW Integers"
"","F3","OF","E6","","CVTDQ2PD","Vpd","","Wdq","","Convert Packed DW Integers to Double-FP Values"
"","","OF","E7","","MOVNTQ","Mq","","Pq","","Store of Quadword Using Non-Temporal Hint"
"","66","OF","E7","","MOVNTDQ","Mdq","","Vdq","","Store Double Quadword Using Non-Temporal Hint"
"","","OF","E8","","PSUBSB","Pq","","Qq","","Subtract Packed Signed Integers with Signed Saturation"
"","66","OF","E8","","PSUBSB","Vdq","","Wdq","","Subtract Packed Signed Integers with Signed Saturation"
"","","OF","E9","","PSUBSW","Pq","","Qq","","Subtract Packed Signed Integers with Signed Saturation"
"","66","OF","E9","","PSUBSW","Vdq","","Wdq","","Subtract Packed Signed Integers with Signed Saturation"
"","","OF","EA","","PMINSW","Pq","","Qq","","Minimum of Packed Signed Word Integers"
"","66","OF","EA","","PMINSW","Vdq","","Wdq","","Minimum of Packed Signed Word Integers"
"","","OF","EB","","POR","Pq","","Qq","","Bitwise Logical OR"
"","66","OF","EB","","POR","Vdq","","Wdq","","Bitwise Logical OR"
"","","OF","EC","","PADDSB","Pq","","Qq","","Add Packed Signed Integers with Signed Saturation"
"","66","OF","EC","","PADDSB","Vdq","","Wdq","","Add Packed Signed Integers with Signed Saturation"
"","","OF","ED","","PADDSW","Pq","","Qq","","Add Packed Signed Integers with Signed Saturation"
"","66","OF","ED","","PADDSW","Vdq","","Wdq","","Add Packed Signed Integers with Signed Saturation"
"","","OF","EE","","PMAXSW","Pq","","Qq","","Maximum of Packed Signed Word Integers"
"","66","OF","EE","","PMAXSW","Vdq","","Wdq","","Maximum of Packed Signed Word Integers"
"","","OF","EF","","PXOR","Pq","","Qq","","Logical Exclusive OR"
"","66","OF","EF","","PXOR","Vdq","","Wdq","","Logical Exclusive OR"
"","F2","OF","F0","","LDDQU","Vdq","","Mdq","","Load Unaligned Integer 128 Bits"
"","","OF","F1","","PSLLW","Pq","","Qq","","Shift Packed Data Left Logical"
"","66","OF","F1","","PSLLW","Vdq","","Wdq","","Shift Packed Data Left Logical"
"","","OF","F2","","PSLLD","Pq","","Qq","","Shift Packed Data Left Logical"
"","66","OF","F2","","PSLLD","Vdq","","Wdq","","Shift Packed Data Left Logical"
"","","OF","F3","","PSLLQ","Pq","","Qq","","Shift Packed Data Left Logical"
"","66","OF","F3","","PSLLQ","Vdq","","Wdq","","Shift Packed Data Left Logical"
"","","OF","F4","","PMULUDQ","Pq","","Qq","","Multiply Packed Unsigned DW Integers"
"","66","OF","F4","","PMULUDQ","Vdq","","Wdq","","Multiply Packed Unsigned DW Integers"
"","","OF","F5","","PMADDWD","Pq","","Qd","","Multiply and Add Packed Integers"
"","66","OF","F5","","PMADDWD","Vdq","","Wdq","","Multiply and Add Packed Integers"
"","","OF","F6","","PSADBW","Pq","","Qq","","Compute Sum of Absolute Differences"
"","66","OF","F6","","PSADBW","Vdq","","Wdq","","Compute Sum of Absolute Differences"
"","","OF","F7","","MASKMOVQ","","Pq","Nq","","Store Selected Bytes of Quadword"
"","66","OF","F7","","MASKMOVDQU","","","Vdq","Udq","Store Selected Bytes of Double Quadword"
"","","OF","F8","","PSUBB","Pq","","Qq","","Subtract Packed Integers"
"","66","OF","F8","","PSUBB","Vdq","","Wdq","","Subtract Packed Integers"
"","","OF","F9","","PSUBW","Pq","","Qq","","Subtract Packed Integers"
"","66","OF","F9","","PSUBW","Vdq","","Wdq","","Subtract Packed Integers"
"","","OF","FA","","PSUBD","Pq","","Qq","","Subtract Packed Integers"
"","66","OF","FA","","PSUBD","Vdq","","Wdq","","Subtract Packed Integers"
"","","OF","FB","","PSUBQ","Pq","","Qq","","Subtract Packed Quadword Integers"
"","66","OF","FB","","PSUBQ","Vdq","","Wdq","","Subtract Packed Quadword Integers"
"","","OF","FC","","PADDB","Pq","","Qq","","Add Packed Integers"
"","66","OF","FC","","PADDB","Vdq","","Wdq","","Add Packed Integers"
"","","OF","FD","","PADDW","Pq","","Qq","","Add Packed Integers"
"","66","OF","FD","","PADDW","Vdq","","Wdq","","Add Packed Integers"
"","","OF","FE","","PADDD","Pq","","Qq","","Add Packed Integers"
"","66","OF","FE","","PADDD","Vdq","","Wdq","","Add Packed Integers"
